{
  "config": {
    "method": "bayesian",
    "metric": "f1",
    "n_calls": 50,
    "n_splits": 5,
    "random_state": 42,
    "checkpoint_enabled": true,
    "checkpoint_name": "xgboost_optimization",
    "checkpoint_dir": "models/checkpoints",
    "search_space": {
      "max_depth": [
        3,
        10
      ],
      "learning_rate": [
        0.01,
        0.3
      ],
      "n_estimators": [
        50,
        300
      ],
      "subsample": [
        0.6,
        1.0
      ],
      "colsample_bytree": [
        0.6,
        1.0
      ],
      "reg_alpha": [
        0.1,
        10.0
      ],
      "reg_lambda": [
        0.1,
        10.0
      ],
      "min_child_weight": [
        3,
        10
      ]
    },
    "enabled": true
  },
  "best_params": {
    "max_depth": 10,
    "learning_rate": 0.08097718485343693,
    "n_estimators": 300,
    "subsample": 0.8306183238238211,
    "colsample_bytree": 0.6,
    "reg_alpha": 0.1,
    "reg_lambda": 0.1,
    "min_child_weight": 3
  },
  "best_score": 0.6493092547761817,
  "optimization_time": 76.20143628120422,
  "n_iterations": 50,
  "convergence_history": [
    0.6336321273388406,
    0.6197118022389934,
    0.5872814811943197,
    0.5717948559673951,
    0.6233115000104668,
    0.6090833978547728,
    0.5607879893087986,
    0.5949951719895562,
    0.5976517654018761,
    0.5728444770890082,
    0.6111222991076891,
    0.6335465942416173,
    0.632637526019086,
    0.61485418971688,
    0.616420961347037,
    0.6068939992575937,
    0.6348676193676054,
    0.6316795898187747,
    0.6289489513121909,
    0.6426789062519261,
    0.6381648972760547,
    0.617101391096855,
    0.6250966145740006,
    0.554637048407246,
    0.6127834004642612,
    0.5883143062265124,
    0.6334176423135756,
    0.6266264045749657,
    0.5741428632918101,
    0.5770627526972197,
    0.627976480557926,
    0.6180969159921572,
    0.6453038364236633,
    0.6095981141923854,
    0.6309909776848213,
    0.6493092547761817,
    0.6334363715004494,
    0.6159787531054896,
    0.614487369997289,
    0.6235488172719414,
    0.6053596651840035,
    0.5847373169350529,
    0.6026241639906665,
    0.5993834908146554,
    0.6130145360139823,
    0.6277979325754321,
    0.6358567201161465,
    0.6294201699996194,
    0.6162984637270543,
    0.5861030114719034
  ],
  "timestamp": "20250622_132204"
}