{
  "config": {
    "method": "bayesian",
    "metric": "f1",
    "n_calls": 50,
    "n_splits": 5,
    "random_state": 42,
    "checkpoint_enabled": true,
    "checkpoint_name": "xgboost_optimization",
    "checkpoint_dir": "models/checkpoints",
    "search_space": {
      "max_depth": [
        3,
        10
      ],
      "learning_rate": [
        0.01,
        0.3
      ],
      "n_estimators": [
        50,
        300
      ],
      "subsample": [
        0.6,
        1.0
      ],
      "colsample_bytree": [
        0.6,
        1.0
      ],
      "reg_alpha": [
        0.1,
        10.0
      ],
      "reg_lambda": [
        0.1,
        10.0
      ],
      "min_child_weight": [
        3,
        10
      ]
    },
    "enabled": true,
    "use_cross_validation": true
  },
  "best_params": {
    "max_depth": 6,
    "learning_rate": 0.17981302514851202,
    "n_estimators": 226,
    "subsample": 1.0,
    "colsample_bytree": 1.0,
    "reg_alpha": 0.1,
    "reg_lambda": 0.1,
    "min_child_weight": 3
  },
  "best_score": 0.6546397728100507,
  "optimization_time": 73.31441068649292,
  "n_iterations": 0,
  "convergence_history": [
    0.6268701717967671,
    0.6173277250285554,
    0.5872760778099386,
    0.5735685724209378,
    0.6207730448822136,
    0.6163022492092082,
    0.5572396735723639,
    0.5953285476193818,
    0.5833000036184041,
    0.5740433156899066,
    0.6457680237968786,
    0.6219294154858128,
    0.6362456690513812,
    0.6456857467295666,
    0.6381874051750658,
    0.6349068329976595,
    0.6001406805443465,
    0.6323628583148245,
    0.62990066248648,
    0.6407144792828491,
    0.6371888069943371,
    0.6274811998104125,
    0.6251218783900703,
    0.637652565898251,
    0.5918417537898275,
    0.6092282238506348,
    0.622340761058772,
    0.6452131766612439,
    0.6107865811390623,
    0.5881433702820915,
    0.6259841352858801,
    0.6068659823187599,
    0.6546397728100507,
    0.6374552828900049,
    0.5452039561936998,
    0.5775285307473184,
    0.6504925156251042,
    0.5543792920869721,
    0.6432615398369079,
    0.6310246227817657,
    0.608691337565228,
    0.5505632556426374,
    0.6228566157332184,
    0.6401968082435345,
    0.6218883755338294,
    0.6277067433194433,
    0.6215057968334138,
    0.6330350533834533,
    0.6365456089640368,
    0.6362698861435131
  ],
  "timestamp": "20250622_132919"
}