{
  "config": {
    "method": "bayesian",
    "metric": "f1",
    "n_calls": 50,
    "n_splits": 5,
    "random_state": 42,
    "checkpoint_enabled": true,
    "checkpoint_name": "optimization_checkpoint",
    "checkpoint_dir": "models/checkpoints",
    "search_space": {
      "max_depth": [
        3,
        10
      ],
      "learning_rate": [
        0.01,
        0.3
      ],
      "n_estimators": [
        50,
        300
      ],
      "subsample": [
        0.6,
        1.0
      ],
      "colsample_bytree": [
        0.6,
        1.0
      ],
      "reg_alpha": [
        0.1,
        10.0
      ],
      "reg_lambda": [
        0.1,
        10.0
      ],
      "min_child_weight": [
        3,
        10
      ]
    }
  },
  "best_params": {
    "max_depth": 6,
    "learning_rate": 0.01,
    "n_estimators": 157,
    "subsample": 0.8752354526234873,
    "colsample_bytree": 0.8836061637183403,
    "reg_alpha": 1.3114960263484787,
    "reg_lambda": 10.0,
    "min_child_weight": 10
  },
  "best_score": 0.99566360214485,
  "optimization_time": 36.21398377418518,
  "n_iterations": 0,
  "convergence_history": [
    0.9934890927783634,
    0.9934918370876697,
    0.994211093112129,
    0.9927622309079386,
    0.9927622309079386,
    0.9934842947661664,
    0.9927650387417071,
    0.9934890292539011,
    0.9934842947661664,
    0.9927622309079386,
    0.9934842947661664,
    0.994939721098746,
    0.9934842947661664,
    0.9934842947661664,
    0.9934842947661664,
    0.9934890292539011,
    0.9927622944324007,
    0.9934842947661664,
    0.9927622309079386,
    0.994212658316231,
    0.9927650387417071,
    0.994211093112129,
    0.9934842947661664,
    0.9934842947661664,
    0.99566360214485,
    0.9949374861786062,
    0.9949443461203906,
    0.9920429748834791,
    0.9949374861786062,
    0.9934842947661664,
    0.99566360214485,
    0.9920429748834791,
    0.9934890292539011,
    0.9920429748834791,
    0.99566360214485,
    0.9927650387417071,
    0.9927650387417071,
    0.9927622309079386,
    0.9949443461203906,
    0.9934962298203811,
    0.9934842947661664,
    0.9949374861786062,
    0.9920429748834791,
    0.9934915412742743,
    0.9934842947661664,
    0.9934842947661664,
    0.994211093112129,
    0.9949374861786062,
    0.9934918370876697,
    0.9934915412742743
  ],
  "timestamp": "20250622_151953"
}