{
  "config": {
    "method": "bayesian",
    "metric": "f1",
    "n_calls": 50,
    "n_splits": 5,
    "random_state": 42,
    "checkpoint_enabled": true,
    "checkpoint_name": "xgboost_optimization",
    "checkpoint_dir": "models/checkpoints",
    "search_space": {
      "max_depth": [
        3,
        10
      ],
      "learning_rate": [
        0.01,
        0.3
      ],
      "n_estimators": [
        50,
        300
      ],
      "subsample": [
        0.6,
        1.0
      ],
      "colsample_bytree": [
        0.6,
        1.0
      ],
      "reg_alpha": [
        0.1,
        10.0
      ],
      "reg_lambda": [
        0.1,
        10.0
      ],
      "min_child_weight": [
        3,
        10
      ]
    },
    "enabled": true,
    "use_cross_validation": true
  },
  "best_params": {
    "max_depth": 3,
    "learning_rate": 0.1791678237246701,
    "n_estimators": 300,
    "subsample": 0.7801863379445059,
    "colsample_bytree": 1.0,
    "reg_alpha": 0.1,
    "reg_lambda": 0.1,
    "min_child_weight": 3
  },
  "best_score": 0.6595348723746962,
  "optimization_time": 62.238685607910156,
  "n_iterations": 0,
  "convergence_history": [
    0.631884051468002,
    0.6219015028056722,
    0.5856991203827826,
    0.5751968990899303,
    0.6209956799813794,
    0.6122183831415936,
    0.5574228986137696,
    0.5965926956065888,
    0.5872254847940621,
    0.5763238778423566,
    0.6298058709896946,
    0.6413593667988694,
    0.6322876958539856,
    0.6332845741223461,
    0.5910684818447629,
    0.6038499074107401,
    0.6535953720940948,
    0.6404521007200124,
    0.6384617923595058,
    0.5759159545013873,
    0.6359875181394775,
    0.655356779474874,
    0.6562768006979496,
    0.6305194500413611,
    0.6176142507269118,
    0.5538970483266488,
    0.6032861035472937,
    0.624572774871264,
    0.6327484568495213,
    0.6085739066688877,
    0.6531227329948347,
    0.6431955280821249,
    0.6337509045316787,
    0.6199696230256401,
    0.6322474639456181,
    0.6595348723746962,
    0.6475069640449299,
    0.6357895088213763,
    0.6517612121358397,
    0.6402997518063402,
    0.6255905554236765,
    0.6320977530003409,
    0.6405779961119563,
    0.6333233281456238,
    0.6420039627548219,
    0.6567400801259801,
    0.5943938246229173,
    0.6397875089222473,
    0.6118734437860557,
    0.6375750652116026
  ],
  "timestamp": "20250622_132744"
}