{
  "config": {
    "method": "bayesian",
    "metric": "f1",
    "n_calls": 50,
    "n_splits": 5,
    "random_state": 42,
    "checkpoint_enabled": true,
    "checkpoint_name": "xgboost_optimization",
    "checkpoint_dir": "models/checkpoints",
    "search_space": {
      "max_depth": [
        3,
        10
      ],
      "learning_rate": [
        0.01,
        0.3
      ],
      "n_estimators": [
        50,
        300
      ],
      "subsample": [
        0.6,
        1.0
      ],
      "colsample_bytree": [
        0.6,
        1.0
      ],
      "reg_alpha": [
        0.1,
        10.0
      ],
      "reg_lambda": [
        0.1,
        10.0
      ],
      "min_child_weight": [
        3,
        10
      ]
    },
    "enabled": true
  },
  "best_params": {
    "max_depth": 10,
    "learning_rate": 0.09037412825253635,
    "n_estimators": 300,
    "subsample": 1.0,
    "colsample_bytree": 0.9145149948626847,
    "reg_alpha": 0.1,
    "reg_lambda": 0.4318033279456597,
    "min_child_weight": 3
  },
  "best_score": 0.6604726715364786,
  "optimization_time": 80.77064633369446,
  "n_iterations": 50,
  "convergence_history": [
    0.6323577166348411,
    0.6109611050609998,
    0.5876643212522004,
    0.5649730427698506,
    0.6323755254115209,
    0.5965503057802564,
    0.5543895836077856,
    0.609266577383663,
    0.6033639430331752,
    0.5659605813270744,
    0.6311469834741621,
    0.6492674874225866,
    0.6003971897020948,
    0.6372886018428097,
    0.6227961078686384,
    0.6321946323518446,
    0.5568598060176521,
    0.6152218242051194,
    0.6318850996892647,
    0.6419177643599439,
    0.6230331276952501,
    0.623039836753333,
    0.6604726715364786,
    0.6072001293452837,
    0.6554128983816824,
    0.6285004571086412,
    0.6401167352078174,
    0.6485120558795211,
    0.6384348973423686,
    0.586802549296131,
    0.6106617515314052,
    0.6515656316068,
    0.6464763173652751,
    0.6212703194419185,
    0.6438522835693219,
    0.6078621288079031,
    0.6171698190367735,
    0.6408931331462091,
    0.6539419259069044,
    0.645007977772876,
    0.6514648235267492,
    0.637481452425187,
    0.603648684565935,
    0.6414344378568059,
    0.641073267048009,
    0.6056993058187841,
    0.6165148422099558,
    0.6483731239439283,
    0.646702327505477,
    0.631738294750581
  ],
  "timestamp": "20250622_131422"
}