{
  "config": {
    "method": "bayesian",
    "metric": "f1",
    "n_calls": 50,
    "n_splits": 5,
    "random_state": 42,
    "checkpoint_enabled": true,
    "checkpoint_name": "xgboost_optimization",
    "checkpoint_dir": "models/checkpoints",
    "search_space": {
      "max_depth": [
        3,
        10
      ],
      "learning_rate": [
        0.01,
        0.3
      ],
      "n_estimators": [
        50,
        300
      ],
      "subsample": [
        0.6,
        1.0
      ],
      "colsample_bytree": [
        0.6,
        1.0
      ],
      "reg_alpha": [
        0.1,
        10.0
      ],
      "reg_lambda": [
        0.1,
        10.0
      ],
      "min_child_weight": [
        3,
        10
      ]
    },
    "enabled": true
  },
  "best_params": {
    "max_depth": 3,
    "learning_rate": 0.3,
    "n_estimators": 222,
    "subsample": 0.9249533474377465,
    "colsample_bytree": 0.8857692041248815,
    "reg_alpha": 0.1,
    "reg_lambda": 0.1,
    "min_child_weight": 3
  },
  "best_score": 0.6440958644230916,
  "optimization_time": 63.764238595962524,
  "n_iterations": 50,
  "convergence_history": [
    0.6189273894486463,
    0.5978272251209221,
    0.5543904350461364,
    0.5533910227870902,
    0.6237320255737939,
    0.5752523035727771,
    0.536022999097366,
    0.6117470309273948,
    0.5964713995744626,
    0.5537284847686712,
    0.5907606560511567,
    0.6079548992681458,
    0.6302574808170058,
    0.6195679084823219,
    0.5965945237177547,
    0.6218663129138227,
    0.6098027487742064,
    0.6382527957700896,
    0.6214659756266802,
    0.6267144004038088,
    0.6440958644230916,
    0.6301870435898635,
    0.6005447440698617,
    0.625338415066651,
    0.6423559672015772,
    0.6108655154821189,
    0.5404639414823758,
    0.6369288249814096,
    0.624591521185941,
    0.6212823858881862,
    0.625307690071422,
    0.6347680389397086,
    0.6274558103685475,
    0.6249528709843105,
    0.6377268013345583,
    0.6251842789607774,
    0.6250371014048586,
    0.5717909785392095,
    0.6307495086286536,
    0.6392428430072788,
    0.6228426997939603,
    0.6242646719493113,
    0.5279127505888164,
    0.6273023385427053,
    0.6319007763279827,
    0.6323338765085221,
    0.562182445229815,
    0.6354038384332859,
    0.573521584106909,
    0.6139619458811651
  ],
  "timestamp": "20250622_130352"
}