{
  "config": {
    "method": "bayesian",
    "metric": "f1",
    "n_calls": 50,
    "n_splits": 5,
    "random_state": 42,
    "checkpoint_enabled": true,
    "checkpoint_name": "xgboost_optimization",
    "checkpoint_dir": "models/checkpoints",
    "search_space": {
      "max_depth": [
        3,
        10
      ],
      "learning_rate": [
        0.01,
        0.3
      ],
      "n_estimators": [
        50,
        300
      ],
      "subsample": [
        0.6,
        1.0
      ],
      "colsample_bytree": [
        0.6,
        1.0
      ],
      "reg_alpha": [
        0.1,
        10.0
      ],
      "reg_lambda": [
        0.1,
        10.0
      ],
      "min_child_weight": [
        3,
        10
      ]
    },
    "enabled": true
  },
  "best_params": {
    "max_depth": 10,
    "learning_rate": 0.11490542579256986,
    "n_estimators": 227,
    "subsample": 0.9860760955268959,
    "colsample_bytree": 0.6,
    "reg_alpha": 0.1,
    "reg_lambda": 8.024788660005795,
    "min_child_weight": 3
  },
  "best_score": 0.6407390327940317,
  "optimization_time": 70.58996105194092,
  "n_iterations": 50,
  "convergence_history": [
    0.6291006103749155,
    0.6168538731024288,
    0.5773487594164791,
    0.5696025882538642,
    0.6185651605185316,
    0.5971993650075567,
    0.5400644396524623,
    0.62057077165241,
    0.5946950517355492,
    0.5489160631622304,
    0.6206655689124568,
    0.6253987905547371,
    0.576222720864506,
    0.6195509837582207,
    0.5762624677517064,
    0.6383518236038441,
    0.623261301885026,
    0.6214840569383207,
    0.5986605459140508,
    0.6385300887032481,
    0.6277443737951731,
    0.5964634836064492,
    0.5951647601586073,
    0.6407390327940317,
    0.6191248944174371,
    0.6308513191224161,
    0.6248449538659069,
    0.628136962422509,
    0.6127005119435247,
    0.6264216589172167,
    0.6181485634091676,
    0.6352335565093924,
    0.628803661885291,
    0.6312727676318122,
    0.5404814544630782,
    0.6395119792291875,
    0.5995226877090991,
    0.5742121896527174,
    0.60758640850597,
    0.6096241763476086,
    0.6254501398497871,
    0.6349074830064004,
    0.6198097763718232,
    0.6301226047823375,
    0.6184848408291492,
    0.6284180326045649,
    0.6207713152062941,
    0.631600749684433,
    0.6183092768318401,
    0.6244790745741533
  ],
  "timestamp": "20250622_132005"
}