{
  "config": {
    "method": "bayesian",
    "metric": "f1",
    "n_calls": 50,
    "n_splits": 5,
    "random_state": 42,
    "checkpoint_enabled": true,
    "checkpoint_name": "xgboost_optimization",
    "checkpoint_dir": "models/checkpoints",
    "search_space": {
      "max_depth": [
        3,
        10
      ],
      "learning_rate": [
        0.01,
        0.3
      ],
      "n_estimators": [
        50,
        300
      ],
      "subsample": [
        0.6,
        1.0
      ],
      "colsample_bytree": [
        0.6,
        1.0
      ],
      "reg_alpha": [
        0.1,
        10.0
      ],
      "reg_lambda": [
        0.1,
        10.0
      ],
      "min_child_weight": [
        3,
        10
      ]
    },
    "enabled": true
  },
  "best_params": {
    "max_depth": 10,
    "learning_rate": 0.16755177260313261,
    "n_estimators": 300,
    "subsample": 0.6,
    "colsample_bytree": 0.6,
    "reg_alpha": 0.1,
    "reg_lambda": 0.1,
    "min_child_weight": 3
  },
  "best_score": 0.6326898717475492,
  "optimization_time": 69.27347564697266,
  "n_iterations": 50,
  "convergence_history": [
    0.6076187375587414,
    0.601369119702864,
    0.5619324186363673,
    0.5657860966286972,
    0.6100241594070587,
    0.5867842685037548,
    0.5500005242185153,
    0.5978110286792142,
    0.5850382243508803,
    0.5482549184617522,
    0.6185197118655692,
    0.6218550819751995,
    0.6069435135120334,
    0.6133835191201104,
    0.620318946919731,
    0.6083756699273917,
    0.5989776380803469,
    0.5992506777162112,
    0.618470297577102,
    0.6119069406906961,
    0.6207270389073969,
    0.61891775965961,
    0.6221597840894784,
    0.6215904867543333,
    0.6216539620782052,
    0.6158716252565153,
    0.6208654867238165,
    0.6150356363947344,
    0.5886045064735009,
    0.5530633651817697,
    0.6052025925698525,
    0.6228980245589388,
    0.6104715304413102,
    0.6036916436419254,
    0.6197234343675777,
    0.6218509685088793,
    0.5939431305306778,
    0.6107477133655739,
    0.6247815895249305,
    0.6253968668037057,
    0.5891685341161385,
    0.6287111953766527,
    0.6326898717475492,
    0.6094102036822802,
    0.5871864394050328,
    0.6118707897923729,
    0.6306320593868654,
    0.6130723519072608,
    0.6258591479313497,
    0.6169000743033612
  ],
  "timestamp": "20250622_131605"
}