{
  "config": {
    "method": "bayesian",
    "metric": "f1",
    "n_calls": 50,
    "n_splits": 5,
    "random_state": 42,
    "checkpoint_enabled": true,
    "checkpoint_name": "xgboost_optimization",
    "checkpoint_dir": "models/checkpoints",
    "search_space": {
      "max_depth": [
        3,
        10
      ],
      "learning_rate": [
        0.01,
        0.3
      ],
      "n_estimators": [
        50,
        300
      ],
      "subsample": [
        0.6,
        1.0
      ],
      "colsample_bytree": [
        0.6,
        1.0
      ],
      "reg_alpha": [
        0.1,
        10.0
      ],
      "reg_lambda": [
        0.1,
        10.0
      ],
      "min_child_weight": [
        3,
        10
      ]
    },
    "enabled": true
  },
  "best_params": {
    "max_depth": 3,
    "learning_rate": 0.3,
    "n_estimators": 300,
    "subsample": 1.0,
    "colsample_bytree": 1.0,
    "reg_alpha": 0.1,
    "reg_lambda": 0.1,
    "min_child_weight": 3
  },
  "best_score": 0.647745459984279,
  "optimization_time": 62.88945913314819,
  "n_iterations": 50,
  "convergence_history": [
    0.6174932804559761,
    0.6186137994282488,
    0.5639342363543938,
    0.5695273976879814,
    0.6203749577520244,
    0.5971504870950597,
    0.5526077267279451,
    0.6188540793991892,
    0.6113093136007526,
    0.5631292031186289,
    0.6238502887170929,
    0.6172436168472565,
    0.6318968841785788,
    0.6347190952433677,
    0.592309379047328,
    0.6161786655896322,
    0.5858898529847831,
    0.6234353644778924,
    0.6372608695038167,
    0.6272539924602217,
    0.539554030666917,
    0.6218688353817001,
    0.6352807380446348,
    0.6223784645719613,
    0.6264042334981752,
    0.6117958543948067,
    0.6240943268993964,
    0.6219664697923457,
    0.6378533216705986,
    0.6217280262656313,
    0.626861139982832,
    0.6050432351447649,
    0.6405478211301994,
    0.5317951381407934,
    0.6348871532866729,
    0.6331030508022407,
    0.6239976375582645,
    0.6219808570974161,
    0.6378509659872551,
    0.63193882502044,
    0.6348106888001304,
    0.641190261573055,
    0.583758900265411,
    0.6236055592412904,
    0.6332344029664393,
    0.5902577678754576,
    0.6194261127507745,
    0.647745459984279,
    0.6419904650270205,
    0.6278199998841523
  ],
  "timestamp": "20250622_130659"
}